Name,Category,Level Sync,Ilvl Sync,Location,Req Size,Difficulty,Req Spells,ContentFinderID,DynamicEventID
,,,,,,,,,
Sastasha,Dungeon (ARR),18,18,Western La Noscea,Light Party,Normal,,4,
The Tam-Tara Deepcroft,Dungeon (ARR),19,19,Central Shroud,Light Party,Normal,,2,
Copperbell Mines,Dungeon (ARR),20,20,Western Thanalan,Light Party,Normal,,3,
Halatali,Dungeon (ARR),23,23,Eastern Thanalan,Light Party,Normal,,7,
The Thousand Maws of Toto-Rak,Dungeon (ARR),27,27,South Shroud,Light Party,Normal,,1,
Haukke Manor,Dungeon (ARR),31,31,Central Shroud,Light Party,Normal,,6,
Brayflox's Longstop,Dungeon (ARR),34,34,Eastern La Noscea,Light Party,Normal,,8,
The Sunken Temple of Qarn,Dungeon (ARR),37,37,Southern Thanalan,Light Party,Normal,,9,
Cutter's Cry,Dungeon (ARR),40,40,Central Thanalan,Light Party,Normal,,12,
The Stone Vigil,Dungeon (ARR),43,43,Coerthas Central Highlands,Light Party,Normal,,11,
Dzemael Darkhold,Dungeon (ARR),44,46,Coerthas Central Highlands,Light Party,Normal,,13,
The Aurum Vale,Dungeon (ARR),49,49,Coerthas Central Highlands,Light Party,Normal,,5,
Castrum Meridianum,Dungeon (ARR),50,60,Northern Thanalan,Light Party,Normal,,15,
The Praetorium,Dungeon (ARR),50,60,Northern Thanalan,Light Party,Normal,,86,
The Wanderer's Palace,Dungeon (ARR),50,110,Upper La Noscea,Light Party,Normal,,10,
Amdapor Keep,Dungeon (ARR),50,110,South Shroud,Light Party,Normal,,14,
Pharos Sirius,Dungeon (ARR),50,110,Western La Noscea,Light Party,Normal,,17,
Copperbell Mines (Hard),Dungeon (ARR),50,110,Western Thanalan,Light Party,Normal,,18,
Haukke Manor (Hard),Dungeon (ARR),50,110,Central Shroud,Light Party,Normal,,19,
The Lost City of Amdapor,Dungeon (ARR),50,110,South Shroud,Light Party,Normal,,22,
Halatali (Hard),Dungeon (ARR),50,110,Eastern Thanalan,Light Party,Normal,,21,
Brayflox's Longstop (Hard),Dungeon (ARR),50,110,Eastern La Noscea,Light Party,Normal,,20,
Hullbreaker Isle,Dungeon (ARR),50,110,Lower La Noscea,Light Party,Normal,,23,
The Tam-Tara Deepcroft (Hard),Dungeon (ARR),50,110,Central Shroud,Light Party,Normal,,24,
The Stone Vigil (Hard),Dungeon (ARR),50,110,Coerthas Central Highlands,Light Party,Normal,,25,
Snowcloak,Dungeon (ARR),50,130,Coerthas Central Highlands,Light Party,Normal,,27,
Sastasha (Hard),Dungeon (ARR),50,130,Western La Noscea,Light Party,Normal,,28,
The Sunken Temple of Qarn (Hard),Dungeon (ARR),50,130,Southern Thanalan,Light Party,Normal,,26,
The Keeper of the Lake,Dungeon (ARR),50,130,Mor Dhona,Light Party,Normal,,32,
The Wanderer's Palace (Hard),Dungeon (ARR),50,130,Upper La Noscea,Light Party,Normal,,30,
Amdapor Keep (Hard),Dungeon (ARR),50,130,South Shroud,Light Party,Normal,,29,
,,,,,,,,,
The Bowl of Embers,Trial (ARR),22,22,Southern Thanalan,Light Party,Normal,,20001,
The Navel,Trial (ARR),36,36,Upper La Noscea,Light Party,Normal,,20002,
The Howling Eye,Trial (ARR),44,46,New Gridania,Light Party,Normal,,20003,
The Porta Decumana,Trial (ARR),50,60,Northern Thanalan,Full Party,Normal,,20082,
The Bowl of Embers (Hard),Trial (ARR),50,130,Southern Thanalan,Full Party,Normal,,20004,
The Howling Eye (Hard),Trial (ARR),50,130,Coerthas Central Highlands,Full Party,Normal,,20006,
The Navel (Hard),Trial (ARR),50,130,Outer La Noscea,Full Party,Normal,,20005,
Thornmarch (Hard),Trial (ARR),50,130,East Shroud,Full Party,Normal,,20011,
A Relic Reborn: the Chimera,Trial (ARR),50,130,Coerthas Central Highlands,Full Party,Normal,,20019,
A Relic Reborn: the Hydra,Trial (ARR),50,130,Eastern Thanalan,Full Party,Normal,,20020,
The Whorleater (Hard),Trial (ARR),50,130,Lower La Noscea,Full Party,Normal,,20017,
Battle on the Big Bridge,Trial (ARR),50,130,Coerthas Central Highlands,Full Party,Normal,,20021,
The Striking Tree (Hard),Trial (ARR),50,130,East Shroud,Full Party,Normal,,20022,
The Akh Afah Amphitheatre (Hard),Trial (ARR),50,130,Coerthas Central Highlands,Full Party,Normal,,20024,
The Dragon's Neck,Trial (ARR),50,130,Eastern Thanalan,Full Party,Normal,,20026,
The Chrysalis,Trial (ARR),50,130,Mor Dhona,Full Party,Normal,,20029,
Battle in the Big Keep,Trial (ARR),50,130,South Shroud,Full Party,Normal,,20030,
Urth's Fount,Trial (ARR),50,130,South Shroud,Full Party,Extreme,,20027,
,Trial (ARR),,,,,,,,
The Minstrel's Ballad: Ultima's Bane,Trial (ARR),50,130,Northern Thanalan,Full Party,Extreme,,20013,
The Howling Eye (Extreme),Trial (ARR),50,130,Coerthas Central Highlands,Full Party,Extreme,,20010,
The Navel (Extreme),Trial (ARR),50,130,Outer La Noscea,Full Party,Extreme,,20009,
The Bowl of Embers (Extreme),Trial (ARR),50,130,Southern Thanalan,Full Party,Extreme,,20008,
Thornmarch (Extreme),Trial (ARR),50,130,East Shroud,Full Party,Extreme,,20012,
The Whorleater (Extreme),Trial (ARR),50,130,Lower La Noscea,Full Party,Extreme,,20018,
The Striking Tree (Extreme),Trial (ARR),50,130,East Shroud,Full Party,Extreme,,20023,
The Akh Afah Amphitheatre (Extreme),Trial (ARR),50,130,Coerthas Central Highlands,Full Party,Extreme,,20025,
,,,,,,,,,
The Binding Coil of Bahamut - Turn 1,Normal Raid (ARR),50,130,The Binding Coil of Bahamut,Full Party,Savage,,30002,
The Binding Coil of Bahamut - Turn 2,Normal Raid (ARR),50,130,The Binding Coil of Bahamut,Full Party,Savage,,30003,
The Binding Coil of Bahamut - Turn 3,Normal Raid (ARR),50,130,The Binding Coil of Bahamut,Full Party,Savage,,30004,
The Binding Coil of Bahamut - Turn 4,Normal Raid (ARR),50,130,The Binding Coil of Bahamut,Full Party,Savage,,30005,
The Binding Coil of Bahamut - Turn 5,Normal Raid (ARR),50,130,The Binding Coil of Bahamut,Full Party,Savage,,30006,
The Second Coil of Bahamut - Turn 1,Normal Raid (ARR),50,130,The Second Coil of Bahamut,Full Party,Savage,,30007,
The Second Coil of Bahamut - Turn 2,Normal Raid (ARR),50,130,The Second Coil of Bahamut,Full Party,Savage,,30008,
The Second Coil of Bahamut - Turn 3,Normal Raid (ARR),50,130,The Second Coil of Bahamut,Full Party,Savage,,30009,
The Second Coil of Bahamut - Turn 4,Normal Raid (ARR),50,130,The Second Coil of Bahamut,Full Party,Savage,,30010,
The Second Coil of Bahamut (Savage) - Turn 1,Savage Raid (ARR),50,130,The Second Coil of Bahamut,Full Party,Savage,,30012,
The Second Coil of Bahamut (Savage) - Turn 2,Savage Raid (ARR),50,130,The Second Coil of Bahamut,Full Party,Savage,,30013,
The Second Coil of Bahamut (Savage) - Turn 3,Savage Raid (ARR),50,130,The Second Coil of Bahamut,Full Party,Savage,,30014,
The Second Coil of Bahamut (Savage) - Turn 4,Savage Raid (ARR),50,130,The Second Coil of Bahamut,Full Party,Savage,,30015,
The Final Coil of Bahamut - Turn 1,Normal Raid (ARR),50,130,The Final Coil of Bahamut,Full Party,Savage,,30016,
The Final Coil of Bahamut - Turn 2,Normal Raid (ARR),50,130,The Final Coil of Bahamut,Full Party,Savage,,30017,
The Final Coil of Bahamut - Turn 3,Normal Raid (ARR),50,130,The Final Coil of Bahamut,Full Party,Savage,,30018,
The Final Coil of Bahamut - Turn 4,Normal Raid (ARR),50,130,The Final Coil of Bahamut,Full Party,Savage,,30019,
,,,,,,,,,
The Labyrinth of the Ancients,Alliance Raid (ARR),50,130,Mor Dhona,Alliance,Normal,,30001,
Syrcus Tower,Alliance Raid (ARR),50,130,Mor Dhona,Alliance,Normal,,30011,
The World of Darkness,Alliance Raid (ARR),50,130,Mor Dhona,Alliance,Normal,,30020,
,,,,,,,,,
Basic Training: Enemy Parties,Guildhest (ARR),10,10,Middle La Noscea,Light Party,Normal,,10001,
Under the Armor,Guildhest (ARR),10,10,Central Shroud,Light Party,Normal,,10002,
Basic Training: Enemy Strongholds,Guildhest (ARR),15,15,Western Thanalan,Light Party,Normal,,10003,
Hero on the Half Shell,Guildhest (ARR),15,15,Central Thanalan,Light Party,Normal,,10004,
Pulling Poison Posies,Guildhest (ARR),20,20,East Shroud,Light Party,Normal,,10005,
Stinging Back,Guildhest (ARR),20,20,South Shroud,Light Party,Normal,,10006,
All's Well that Ends in the Well,Guildhest (ARR),25,25,South Shroud,Light Party,Normal,,10007,
Flicking Sticks and Taking Names,Guildhest (ARR),25,25,Central Shroud,Light Party,Normal,,10008,
More than a Feeler,Guildhest (ARR),30,30,Upper La Noscea,Light Party,Normal,,10009,
Annoy the Void,Guildhest (ARR),30,30,Lower La Noscea,Light Party,Normal,,10010,
Shadow and Claw,Guildhest (ARR),35,35,Coerthas Central Highlands,Light Party,Normal,,10011,
Long Live the Queen,Guildhest (ARR),35,35,Coerthas Central Highlands,Light Party,Normal,,10012,
Ward Up,Guildhest (ARR),40,40,Mor Dhona,Light Party,Normal,,10013,
Solemn Trinity,Guildhest (ARR),40,40,Mor Dhona,Full Party,Normal,,10014,
,,,,,,,,,
The Palaistra,PvP,30,30,Wolves' Den Pier,Solo,Normal,,40027,
The Volcanic Heart,PvP,30,30,Wolves' Den Pier,Solo,Normal,,40028,
Cloud Nine,PvP,30,30,Wolves' Den Pier,Solo,Normal,,40029,
The Clockwork Castletown,PvP,30,30,Wolves' Den Pier,Solo,Normal,,40036,
The Red Sands,PvP,30,30,Wolves' Den Pier,Solo,Normal,,40039,
The Bayside Battleground,PvP,30,30,Wolves' Den Pier,Solo,Normal,,40042,
Archeia Harmonias,PvP,30,30,Wolves' Den Pier,Solo,Normal,,40045,
,,,,,,,,,
The Dusk Vigil,Dungeon (HW),52,130,Coerthas Western Highlands,Light Party,Normal,,36,
Sohm Al,Dungeon (HW),54,130,The Dravanian Forelands,Light Party,Normal,,37,
The Aery,Dungeon (HW),56,139,Foundation,Light Party,Normal,,39,
The Vault,Dungeon (HW),58,145,The Pillars,Light Party,Normal,,34,
The Great Gubal Library,Dungeon (HW),60,150,The Dravanian Hinterlands,Light Party,Normal,,31,
The Aetherochemical Research Facility,Dungeon (HW),60,180,Azys Lla,Light Party,Normal,,38,
Neverreap,Dungeon (HW),60,210,The Sea of Clouds,Light Party,Normal,,33,
The Fractal Continuum,Dungeon (HW),60,210,Azys Lla,Light Party,Normal,,35,
Saint Mocianne's Arboretum,Dungeon (HW),60,240,The Dravanian Hinterlands,Light Party,Normal,,41,
Pharos Sirius (Hard),Dungeon (HW),60,240,Limsa Lominsa Upper Decks,Light Party,Normal,,40,
The Antitower,Dungeon (HW),60,270,The Dravanian Hinterlands,Light Party,Normal,,43,
The Lost City of Amdapor (Hard),Dungeon (HW),60,270,South Shroud,Light Party,Normal,,42,
Sohr Khai,Dungeon (HW),60,270,The Churning Mists,Light Party,Normal,,44,
Hullbreaker Isle (Hard),Dungeon (HW),60,270,Lower La Noscea,Light Party,Normal,,45,
Xelphatol,Dungeon (HW),60,270,Coerthas Central Highlands,Light Party,Normal,,46,
The Great Gubal Library (Hard),Dungeon (HW),60,270,The Dravanian Hinterlands,Light Party,Normal,,47,
Baelsar's Wall,Dungeon (HW),60,270,East Shroud,Light Party,Normal,,48,
Sohm Al (Hard),Dungeon (HW),60,270,The Churning Mists,Light Party,Normal,,49,
,,,,,,,,,
Thok ast Thok (Hard),Trial (HW),54,135,The Dravanian Forelands,Full Party,Normal,,20031,
The Limitless Blue (Hard),Trial (HW),58,145,The Sea of Clouds,Full Party,Normal,,20033,
The Singularity Reactor,Trial (HW),60,270,Azys Lla,Full Party,Normal,,20035,
Containment Bay S1T7,Trial (HW),60,270,Azys Lla,Full Party,Normal,,20037,
The Final Steps of Faith,Trial (HW),60,270,Foundation,Full Party,Normal,,20039,
Containment Bay P1T6,Trial (HW),60,270,Azys Lla,Full Party,Normal,,20041,
Containment Bay Z1T9,Trial (HW),60,270,Azys Lla,Full Party,Normal,,20043,
,,,,,,,,,
The Limitless Blue (Extreme),Trial (HW),60,270,The Sea of Clouds,Full Party,Extreme,,20034,
Thok ast Thok (Extreme),Trial (HW),60,270,The Dravanian Forelands,Full Party,Extreme,,20032,
The Minstrel's Ballad: Thordan's Reign,Trial (HW),60,270,Azys Lla,Full Party,Extreme,,20036,
Containment Bay S1T7 (Extreme),Trial (HW),60,270,Azys Lla,Full Party,Extreme,,20038,
The Minstrel's Ballad: Nidhogg's Rage,Trial (HW),60,270,Foundation,Full Party,Extreme,,20040,
Containment Bay P1T6 (Extreme),Trial (HW),60,270,Azys Lla,Full Party,Extreme,,20042,
Containment Bay Z1T9 (Extreme),Trial (HW),60,270,Azys Lla,Full Party,Extreme,,20044,
,,,,,,,,,
Alexander - The Fist of the Father,Normal Raid (HW),60,270,Alexander,Full Party,Normal,,30021,
Alexander - The Cuff of the Father,Normal Raid (HW),60,270,Alexander,Full Party,Normal,,30022,
Alexander - The Arm of the Father,Normal Raid (HW),60,270,Alexander,Full Party,Normal,,30023,
Alexander - The Burden of the Father,Normal Raid (HW),60,270,Alexander,Full Party,Normal,,30024,
Alexander - The Fist of the Son,Normal Raid (HW),60,270,Alexander,Full Party,Normal,,30030,
Alexander - The Cuff of the Son,Normal Raid (HW),60,270,Alexander,Full Party,Normal,,30031,
Alexander - The Arm of the Son,Normal Raid (HW),60,270,Alexander,Full Party,Normal,,30032,
Alexander - The Burden of the Son,Normal Raid (HW),60,270,Alexander,Full Party,Normal,,30033,
Alexander - The Eyes of the Creator,Normal Raid (HW),60,270,Alexander,Full Party,Normal,,30039,
Alexander - The Breath of the Creator,Normal Raid (HW),60,270,Alexander,Full Party,Normal,,30040,
Alexander - The Heart of the Creator,Normal Raid (HW),60,270,Alexander,Full Party,Normal,,30041,
Alexander - The Soul of the Creator,Normal Raid (HW),60,270,Alexander,Full Party,Normal,,30042,
Alexander - The Fist of the Father (Savage),Savage Raid (HW),60,270,Alexander,Full Party,Savage,,30025,
Alexander - The Cuff of the Father (Savage),Savage Raid (HW),60,270,Alexander,Full Party,Savage,,30026,
Alexander - The Arm of the Father (Savage),Savage Raid (HW),60,270,Alexander,Full Party,Savage,,30027,
Alexander - The Burden of the Father (Savage),Savage Raid (HW),60,270,Alexander,Full Party,Savage,,30028,
Alexander - The Fist of the Son (Savage),Savage Raid (HW),60,270,Alexander,Full Party,Savage,,30034,
Alexander - The Cuff of the Son (Savage),Savage Raid (HW),60,270,Alexander,Full Party,Savage,,30035,
Alexander - The Arm of the Son (Savage),Savage Raid (HW),60,270,Alexander,Full Party,Savage,,30036,
Alexander - The Burden of the Son (Savage),Savage Raid (HW),60,270,Alexander,Full Party,Savage,,30037,
Alexander - The Eyes of the Creator (Savage),Savage Raid (HW),60,270,Alexander,Full Party,Savage,,30043,
Alexander - The Breath of the Creator (Savage),Savage Raid (HW),60,270,Alexander,Full Party,Savage,,30044,
Alexander - The Heart of the Creator (Savage),Savage Raid (HW),60,270,Alexander,Full Party,Savage,,30045,
Alexander - The Soul of the Creator (Savage),Savage Raid (HW),60,270,Alexander,Full Party,Savage,,30046,
,,,,,,,,,
The Void Ark,Alliance Raid (HW),60,270,The Sea of Clouds,Alliance,Normal,,30029,
The Weeping City of Mhach,Alliance Raid (HW),60,270,The Sea of Clouds,Alliance,Normal,,30038,
Dun Scaith,Alliance Raid (HW),60,270,The Sea of Clouds,Alliance,Normal,,30047,
,,,,,,,,,
The Sirensong Sea,Dungeon (StB),61,240,Limsa Lominsa Lower Decks,Light Party,Normal,,52,
Shisui of the Violet Tides,Dungeon (StB),63,245,The Ruby Sea,Light Party,Normal,,50,
Bardam's Mettle,Dungeon (StB),65,250,The Azim Steppe,Light Party,Normal,,53,
Doma Castle,Dungeon (StB),67,255,Yanxia,Light Party,Normal,,54,
Castrum Abania,Dungeon (StB),69,260,The Peaks,Light Party,Normal,,55,
Ala Mhigo,Dungeon (StB),70,280,The Lochs,Light Party,Normal,,56,
Kugane Castle,Dungeon (StB),70,280,Kugane,Light Party,Normal,,57,
The Temple of the Fist,Dungeon (StB),70,280,Rhalgr's Reach,Light Party,Normal,,51,
The Drowned City of Skalla,Dungeon (StB),70,300,The Lochs,Light Party,Normal,,58,
Hells' Lid,Dungeon (StB),70,310,The Ruby Sea,Light Party,Normal,,59,
The Fractal Continuum (Hard),Dungeon (StB),70,310,Azys Lla,Light Party,Normal,,60,
The Swallow's Compass,Dungeon (StB),70,330,Yanxia,Light Party,Normal,,61,
The Burn,Dungeon (StB),70,340,Yanxia,Light Party,Normal,,63,
Saint Mocianne's Arboretum (Hard),Dungeon (StB),70,340,The Dravanian Hinterlands,Light Party,Normal,,62,
The Ghimlyt Dark,Dungeon (StB),70,360,The Lochs,Light Party,Normal,,64,
,,,,,,,,,
The Pool of Tribute,Trial (StB),63,0,The Ruby Sea,Full Party,Normal,,20046,
Emanation,Trial (StB),67,0,The Fringes,Full Party,Normal,,20048,
The Royal Menagerie,Trial (StB),70,280,The Lochs,Full Party,Normal,,20045,
The Jade Stoa,Trial (StB),70,325,Yanxia,Full Party,Normal,,20051,
Castrum Fluminis,Trial (StB),70,335,Yanxia,Full Party,Normal,,20055,
The Great Hunt,Trial (StB),70,320,The Azim Steppe,Full Party,Normal,,20053,
Hells' Kier,Trial (StB),70,355,The Ruby Sea,Full Party,Normal,,20057,
The Wreath of Snakes,Trial (StB),70,365,The Ruby Sea,Full Party,Normal,,20060,
Kugane Ohashi,Trial (StB),70,365,Kugane,Full Party,Normal,,20059,
,,,,,,,,,
The Pool of Tribute (Extreme),Trial (StB),70,300,The Ruby Sea,Full Party,Extreme,,20047,
Emanation (Extreme),Trial (StB),70,300,The Fringes,Full Party,Extreme,,20049,
The Minstrel's Ballad: Shinryu's Domain,Trial (StB),70,320,The Lochs,Full Party,Extreme,,20050,
The Jade Stoa (Extreme),Trial (StB),70,340,Yanxia,Full Party,Extreme,,20052,
The Minstrel's Ballad: Tsukuyomi's Pain,Trial (StB),70,350,Yanxia,Full Party,Extreme,,20056,
The Great Hunt (Extreme),Trial (StB),70,350,The Azim Steppe,Full Party,Extreme,,20054,
Hells' Kier (Extreme),Trial (StB),70,370,The Ruby Sea,Full Party,Extreme,,20058,
The Wreath of Snakes (Extreme),Trial (StB),70,380,The Ruby Sea,Full Party,Extreme,,20061,
,,,,,,,,,
Deltascape V1.0,Normal Raid (StB),70,295,Interdimensional Rift,Full Party,Normal,,30049,
Deltascape V2.0,Normal Raid (StB),70,295,Interdimensional Rift,Full Party,Normal,,30050,
Deltascape V3.0,Normal Raid (StB),70,295,Interdimensional Rift,Full Party,Normal,,30051,
Deltascape V4.0,Normal Raid (StB),70,295,Interdimensional Rift,Full Party,Normal,,30052,
Sigmascape V1.0,Normal Raid (StB),70,325,Interdimensional Rift,Full Party,Normal,,30059,
Sigmascape V2.0,Normal Raid (StB),70,325,Interdimensional Rift,Full Party,Normal,,30060,
Sigmascape V3.0,Normal Raid (StB),70,325,Interdimensional Rift,Full Party,Normal,,30061,
Sigmascape V4.0,Normal Raid (StB),70,325,Interdimensional Rift,Full Party,Normal,,30062,
Alphascape V1.0,Normal Raid (StB),70,355,Interdimensional Rift,Full Party,Normal,,30069,
Alphascape V2.0,Normal Raid (StB),70,355,Interdimensional Rift,Full Party,Normal,,30070,
Alphascape V3.0,Normal Raid (StB),70,355,Interdimensional Rift,Full Party,Normal,,30071,
Alphascape V4.0,Normal Raid (StB),70,355,Interdimensional Rift,Full Party,Normal,,30072,
Deltascape V1.0 (Savage),Savage Raid (StB),70,310,Interdimensional Rift,Full Party,Savage,,30053,
Deltascape V2.0 (Savage),Savage Raid (StB),70,315,Interdimensional Rift,Full Party,Savage,,30054,
Deltascape V3.0 (Savage),Savage Raid (StB),70,320,Interdimensional Rift,Full Party,Savage,,30055,
Deltascape V4.0 (Savage),Savage Raid (StB),70,320,Interdimensional Rift,Full Party,Savage,,30056,
Sigmascape V1.0 (Savage),Savage Raid (StB),70,340,Interdimensional Rift,Full Party,Savage,,30063,
Sigmascape V2.0 (Savage),Savage Raid (StB),70,345,Interdimensional Rift,Full Party,Savage,,30064,
Sigmascape V3.0 (Savage),Savage Raid (StB),70,350,Interdimensional Rift,Full Party,Savage,,30065,
Sigmascape V4.0 (Savage),Savage Raid (StB),70,350,Interdimensional Rift,Full Party,Savage,,30066,
Alphascape V1.0 (Savage),Savage Raid (StB),70,370,Interdimensional Rift,Full Party,Savage,,30073,
Alphascape V2.0 (Savage),Savage Raid (StB),70,375,Interdimensional Rift,Full Party,Savage,,30074,
Alphascape V3.0 (Savage),Savage Raid (StB),70,380,Interdimensional Rift,Full Party,Savage,,30075,
Alphascape V4.0 (Savage),Savage Raid (StB),70,380,Interdimensional Rift,Full Party,Savage,,30076,
,,,,,,,,,
The Royal City of Rabanastre,Alliance Raid (StB),70,305,Kugane,Alliance,Normal,,30058,
The Ridorana Lighthouse,Alliance Raid (StB),70,335,Kugane,Alliance,Normal,,30068,
The Orbonne Monastery,Alliance Raid (StB),70,365,Kugane,Alliance,Normal,,30077,
,,,,,,,,,
Holminster Switch,Dungeon (ShB),71,370,Lakeland,Light Party,Normal,,72,
Dohn Mheg,Dungeon (ShB),73,375,Il Mheg,Light Party,Normal,,65,
The Qitana Ravel,Dungeon (ShB),75,380,The Rak'tika Greatwood,Light Party,Normal,,66,
Malikah's Well,Dungeon (ShB),77,385,Amh Araeng,Light Party,Normal,,69,
Mt. Gulg,Dungeon (ShB),79,390,Kholusia,Light Party,Normal,,70,
Amaurot,Dungeon (ShB),80,410,The Tempest,Light Party,Normal,,67,
The Twinning,Dungeon (ShB),80,410,The Crystarium,Light Party,Normal,,68,
Akadaemia Anyder,Dungeon (ShB),80,410,The Tempest,Light Party,Normal,,71,
The Grand Cosmos,Dungeon (ShB),80,430,Lakeland,Light Party,Normal,,73,
Anamnesis Anyder,Dungeon (ShB),80,440,Kholusia,Light Party,Normal,,74,
The Heroes' Gauntlet,Dungeon (ShB),80,460,Eulmore,Light Party,Normal,,75,
Matoya's Relict,Dungeon (ShB),80,470,The Dravanian Hinterlands,Light Party,Normal,,76,
Paglth'an,Dungeon (ShB),80,490,Ul'dah - Steps of Nald,Light Party,Normal,,77,
,,,,,,,,,
The Dancing Plague,Trial (ShB),73,0,Il Mheg,Full Party,Normal,,20062,
The Crown of the Immaculate,Trial (ShB),79,0,Kholusia,Full Party,Normal,,20064,
The Dying Gasp,Trial (ShB),80,410,The Tempest,Full Party,Normal,,20066,
Cinder Drift,Trial (ShB),80,455,The Lochs,Full Party,Normal,,20068,
The Seat of Sacrifice,Trial (ShB),80,465,The Crystarium,Full Party,Normal,,20071,
Castrum Marinum,Trial (ShB),80,485,Western Thanalan,Full Party,Normal,,20073,
The Cloud Deck,Trial (ShB),80,495,The Lochs,Full Party,Normal,,20075,
,,,,,,,,,
The Dancing Plague (Extreme),Trial (ShB),80,430,Il Mheg,Full Party,Extreme,,20063,
The Crown of the Immaculate (Extreme),Trial (ShB),80,430,Kholusia,Full Party,Extreme,,20065,
The Minstrel's Ballad: Hades's Elegy,Trial (ShB),80,450,The Tempest,Full Party,Extreme,,20067,
Cinder Drift (Extreme),Trial (ShB),80,470,The Lochs,Full Party,Extreme,,20069,
Memoria Misera (Extreme),Trial (ShB),80,470,Yanxia,Full Party,Extreme,,20070,
The Seat of Sacrifice (Extreme),Trial (ShB),80,480,The Crystarium,Full Party,Extreme,,20072,
Castrum Marinum (Extreme),Trial (ShB),80,500,Western Thanalan,Full Party,Extreme,,20074,
The Cloud Deck (Extreme),Trial (ShB),80,510,The Lochs,Full Party,Extreme,,20076,
,,,,,,,,,
Eden's Gate: Resurrection,Normal Raid (ShB),80,425,The Empty,Full Party,Normal,,30078,
Eden's Gate: Descent,Normal Raid (ShB),80,425,The Empty,Full Party,Normal,,30082,
Eden's Gate: Inundation,Normal Raid (ShB),80,425,The Empty,Full Party,Normal,,30080,
Eden's Gate: Sepulture,Normal Raid (ShB),80,425,The Empty,Full Party,Normal,,30084,
Eden's Verse: Fulmination,Normal Raid (ShB),80,455,The Empty,Full Party,Normal,,30088,
Eden's Verse: Furor,Normal Raid (ShB),80,455,The Empty,Full Party,Normal,,30090,
Eden's Verse: Iconoclasm,Normal Raid (ShB),80,455,The Empty,Full Party,Normal,,30092,
Eden's Verse: Refulgence,Normal Raid (ShB),80,455,The Empty,Full Party,Normal,,30094,
Eden's Promise: Umbra,Normal Raid (ShB),80,485,The Empty,Full Party,Normal,,30097,
Eden's Promise: Litany,Normal Raid (ShB),80,485,The Empty,Full Party,Normal,,30099,
Eden's Promise: Anamorphosis,Normal Raid (ShB),80,485,The Empty,Full Party,Normal,,30101,
Eden's Promise: Eternity,Normal Raid (ShB),80,485,The Empty,Full Party,Normal,,30103,
Eden's Gate: Resurrection (Savage),Savage Raid (ShB),80,440,The Empty,Full Party,Savage,,30079,
Eden's Gate: Descent (Savage),Savage Raid (ShB),80,445,The Empty,Full Party,Savage,,30083,
Eden's Gate: Inundation (Savage),Savage Raid (ShB),80,450,The Empty,Full Party,Savage,,30081,
Eden's Gate: Sepulture (Savage),Savage Raid (ShB),80,450,The Empty,Full Party,Savage,,30085,
Eden's Verse: Fulmination (Savage),Savage Raid (ShB),80,470,The Empty,Full Party,Savage,,30089,
Eden's Verse: Furor (Savage),Savage Raid (ShB),80,475,The Empty,Full Party,Savage,,30091,
Eden's Verse: Iconoclasm (Savage),Savage Raid (ShB),80,480,The Empty,Full Party,Savage,,30093,
Eden's Verse: Refulgence (Savage),Savage Raid (ShB),80,480,The Empty,Full Party,Savage,,30095,
Eden's Promise: Umbra (Savage),Savage Raid (ShB),80,500,The Empty,Full Party,Savage,,30098,
Eden's Promise: Litany (Savage),Savage Raid (ShB),80,505,The Empty,Full Party,Savage,,30100,
Eden's Promise: Anamorphosis (Savage),Savage Raid (ShB),80,510,The Empty,Full Party,Savage,,30102,
Eden's Promise: Eternity (Savage),Savage Raid (ShB),80,510,The Empty,Full Party,Savage,,30104,
,,,,,,,,,
The Copied Factory,Alliance Raid (Shb),80,435,Kholusia,Alliance,Normal,,30087,
The Puppets' Bunker,Alliance Raid (Shb),80,465,Kholusia,Alliance,Normal,,30096,
The Tower at Paradigm's Breach,Alliance Raid (Shb),80,495,Kholusia,Alliance,Normal,,30105,
,,,,,,,,,
The Battle of Castrum Lacus Litore,Field Operation (Shb),80,,The Bozjan Southern Front,Alliance,Disabled,,0,16
Delubrum Reginae,Field Operation (Shb),80,0,Gangos,Alliance,Normal,,760,
The Dalriada,Field Operation (Shb),80,,Zadnor,Alliance,Disabled,,0,32
Kill It with Fire,Field Operation (Shb),80,,The Bozjan Southern Front,Full Party,Normal,,0,1
The Baying of the Hound(s),Field Operation (Shb),80,,The Bozjan Southern Front,Full Party,Normal,,0,2
Vigil for the Lost,Field Operation (Shb),80,,The Bozjan Southern Front,Full Party,Normal,,0,3
Aces High,Field Operation (Shb),80,,The Bozjan Southern Front,Solo,Normal,,0,4
The Shadow of Death's Hand,Field Operation (Shb),80,,The Bozjan Southern Front,Full Party,Normal,,0,5
The Final Furlong,Field Operation (Shb),80,,The Bozjan Southern Front,Full Party,Normal,,0,6
The Hunt for Red Choctober,Field Operation (Shb),80,,The Bozjan Southern Front,Full Party,Normal,,0,7
Beast of Man,Field Operation (Shb),80,,The Bozjan Southern Front,Solo,Normal,,0,8
The Fires of War,Field Operation (Shb),80,,The Bozjan Southern Front,Full Party,Normal,,0,9
Patriot Games,Field Operation (Shb),80,,The Bozjan Southern Front,Full Party,Normal,,0,10
Trampled under Hoof,Field Operation (Shb),80,,The Bozjan Southern Front,Full Party,Normal,,0,11
And the Flames Went Higher,Field Operation (Shb),80,,The Bozjan Southern Front,Solo,Normal,,0,12
Metal Fox Chaos,Field Operation (Shb),80,,The Bozjan Southern Front,Full Party,Normal,,0,13
Rise of the Robots,Field Operation (Shb),80,,The Bozjan Southern Front,Full Party,Normal,,0,14
Where Strode the Behemoth,Field Operation (Shb),80,,The Bozjan Southern Front,Full Party,Normal,,0,15
On Serpents' Wings,Field Operation (Shb),80,,Zadnor,Full Party,Normal,,0,17
Feeling the Burn,Field Operation (Shb),80,,Zadnor,Full Party,Normal,,0,18
The Broken Blade,Field Operation (Shb),80,,Zadnor,Solo,Normal,,0,19
From Beyond the Grave,Field Operation (Shb),80,,Zadnor,Full Party,Normal,,0,20
With Diremite and Main,Field Operation (Shb),80,,Zadnor,Full Party,Normal,,0,21
Here Comes the Cavalry,Field Operation (Shb),80,,Zadnor,Full Party,Normal,,0,22
Head of the Snake,Field Operation (Shb),80,,Zadnor,Solo,Normal,,0,23
There Would Be Blood,Field Operation (Shb),80,,Zadnor,Full Party,Normal,,0,24
Never Cry Wolf,Field Operation (Shb),80,,Zadnor,Full Party,Normal,,0,25
Time to Burn,Field Operation (Shb),80,,Zadnor,Full Party,Normal,,0,26
"Lean, Mean, Magitek Machines",Field Operation (Shb),80,,Zadnor,Full Party,Normal,,0,27
Worn to a Shadow,Field Operation (Shb),80,,Zadnor,Full Party,Normal,,0,28
A Familiar Face,Field Operation (Shb),80,,Zadnor,Full Party,Normal,,0,29
Looks to Die For,Field Operation (Shb),80,,Zadnor,Full Party,Normal,,0,30
Taking the Lyon's Share,Field Operation (Shb),80,,Zadnor,Solo,Normal,,0,31
,,,,,,,,,
The Tower of Zot,Dungeon (EW),81,500,Thavnair,Light Party,Normal,,783,
The Tower of Babil,Dungeon (EW),83,505,Garlemald,Light Party,Normal,,785,
Vanaspati,Dungeon (EW),85,510,Thavnair,Light Party,Normal,,789,
Ktisis Hyperboreia,Dungeon (EW),87,515,Elpis,Light Party,Normal,,787,
The Aitiascope,Dungeon (EW),89,520,Labyrinthos,Light Party,Normal,,786,
The Dead Ends,Dungeon (EW),90,540,Ultima Thule,Light Party,Normal,,792,
Smileton,Dungeon (EW),90,540,Mare Lamentorum,Light Party,Normal,,794,
The Stigma Dreamscape,Dungeon (EW),90,540,Ultima Thule,Light Party,Normal,,784,
Alzadaal's Legacy,Dungeon (EW),90,560,Thavnair,Light Party,Normal,,844,
The Fell Court of Troia,Dungeon (EW),90,575,Thavnair,Light Party,Normal,,869,
Lapis Manalis,Dungeon (EW),90,590,Garlemald,Light Party,Normal,,896,
The Aetherfont,Dungeon (EW),90,605,Old Sharlayan,Light Party,Normal,,822,
The Lunar Subterrane,Dungeon (EW),90,620,Mare Lamentorum,Light Party,Normal,,823,
,,,,,,,,,
The Dark Inside,Trial (EW),83,0,Mare Lamentorum,Full Party,Normal,,20080,
The Mothercrystal,Trial (EW),89,0,Labyrinthos,Full Party,Normal,,20077,
The Final Day,Trial (EW),90,540,Ultima Thule,Full Party,Normal,,20079,
Storm's Crown,Trial (EW),90,585,Thavnair,Full Party,Normal,,20084,
Mount Ordeals,Trial (EW),90,595,Thavnair,Full Party,Normal,,20086,
The Voidcast Dais,Trial (EW),90,615,Mare Lamentorum,Full Party,Normal,,20089,
The Abyssal Fracture,Trial (EW),90,625,Mare Lamentorum,Full Party,Normal,,20091,
The Gilded Araya,Trial (EW),90,0,Radz-at-Han,Full Party,Normal,,20014,
,,,,,,,,,
The Minstrel's Ballad: Zodiark's Fall,Trial (EW),90,560,Mare Lamentorum,Full Party,Extreme,,20081,
The Minstrel's Ballad: Hydaelyn's Call,Trial (EW),90,560,Labyrinthos,Full Party,Extreme,,20078,
The Minstrel's Ballad: Endsinger's Aria,Trial (EW),90,580,Ultima Thule,Full Party,Extreme,,20083,
Storm's Crown (Extreme),Trial (EW),90,600,Thavnair,Full Party,Extreme,,20085,
Mount Ordeals (Extreme),Trial (EW),90,610,Thavnair,Full Party,Extreme,,20087,
The Voidcast Dais (Extreme),Trial (EW),90,630,Mare Lamentorum,Full Party,Extreme,,20090,
The Abyssal Fracture (Extreme),Trial (EW),90,640,Mare Lamentorum,Full Party,Extreme,,20092,
,,,,,,,,,
The Sil'dihn Subterrane,Variant Dungeon (EW),90,575,Central Thanalan,Solo,Normal,,36001,
Mount Rokkon,Variant Dungeon (EW),90,605,Kugane,Solo,Normal,,36002,
Aloalo Island,Variant Dungeon (EW),90,605,Thavnair,Solo,Normal,,36003,
,,,,,,,,,
Asphodelos: The First Circle,Normal Raid (EW),90,565,The Gates of Pandæmonium,Full Party,Normal,,30111,
Asphodelos: The Second Circle,Normal Raid (EW),90,565,The Gates of Pandæmonium,Full Party,Normal,,30113,
Asphodelos: The Third Circle,Normal Raid (EW),90,565,The Gates of Pandæmonium,Full Party,Normal,,30109,
Asphodelos: The Fourth Circle,Normal Raid (EW),90,565,The Gates of Pandæmonium,Full Party,Normal,,30107,
Abyssos: The Fifth Circle,Normal Raid (EW),90,585,The Gates of Pandæmonium,Full Party,Normal,,30116,
Abyssos: The Sixth Circle,Normal Raid (EW),90,585,The Gates of Pandæmonium,Full Party,Normal,,30120,
Abyssos: The Seventh Circle,Normal Raid (EW),90,585,The Gates of Pandæmonium,Full Party,Normal,,30118,
Abyssos: The Eighth Circle,Normal Raid (EW),90,585,The Gates of Pandæmonium,Full Party,Normal,,30122,
Anabaseios: The Ninth Circle,Normal Raid (EW),90,615,The Dæmons' Nest,Full Party,Normal,,30126,
Anabaseios: The Tenth Circle,Normal Raid (EW),90,615,The Dæmons' Nest,Full Party,Normal,,30128,
Anabaseios: The Eleventh Circle,Normal Raid (EW),90,615,The Dæmons' Nest,Full Party,Normal,,30130,
Anabaseios: The Twelfth Circle,Normal Raid (EW),90,615,The Dæmons' Nest,Full Party,Normal,,30132,
,,,,,,,,,
Asphodelos: The First Circle (Savage),Savage Raid (EW),90,570,The Gates of Pandæmonium,Full Party,Savage,,30112,
Asphodelos: The Second Circle (Savage),Savage Raid (EW),90,575,The Gates of Pandæmonium,Full Party,Savage,,30114,
Asphodelos: The Third Circle (Savage),Savage Raid (EW),90,580,The Gates of Pandæmonium,Full Party,Savage,,30110,
Asphodelos: The Fourth Circle (Savage),Savage Raid (EW),90,580,The Gates of Pandæmonium,Full Party,Savage,,30108,
Abyssos: The Fifth Circle (Savage),Savage Raid (EW),90,600,The Gates of Pandæmonium,Full Party,Savage,,30117,
Abyssos: The Sixth Circle (Savage),Savage Raid (EW),90,605,The Gates of Pandæmonium,Full Party,Savage,,30121,
Abyssos: The Seventh Circle (Savage),Savage Raid (EW),90,610,The Gates of Pandæmonium,Full Party,Savage,,30119,
Abyssos: The Eighth Circle (Savage),Savage Raid (EW),90,610,The Gates of Pandæmonium,Full Party,Savage,,30123,
Anabaseios: The Ninth Circle (Savage),Savage Raid (EW),90,630,The Dæmons' Nest,Full Party,Savage,,30127,
Anabaseios: The Tenth Circle (Savage),Savage Raid (EW),90,635,The Dæmons' Nest,Full Party,Savage,,30129,
Anabaseios: The Eleventh Circle (Savage),Savage Raid (EW),90,640,The Dæmons' Nest,Full Party,Savage,,30131,
Anabaseios: The Twelfth Circle (Savage),Savage Raid (EW),90,640,The Dæmons' Nest,Full Party,Savage,,30133,
,,,,,,,,,
Aglaia,Alliance Raid (EW),90,565,Mor Dhona,Alliance,Normal,,30115,
Euphrosyne,Alliance Raid (EW),90,595,Mor Dhona,Alliance,Normal,,30125,
Thaleia,Alliance Raid (EW),90,625,Mor Dhona,Alliance,Normal,,30134,
,,,,,,,,,
Ihuykatumu,Dungeon (DT),91,630,Tuliyollal,Light Party,Normal,,94,
Worqor Zormor,Dungeon (DT),93,635,Urqopacha,Light Party,Normal,,92,
The Skydeep Cenote,Dungeon (DT),95,640,Yak T'el,Light Party,Normal,,96,
Vanguard,Dungeon (DT),97,645,Shaaloani,Light Party,Normal,,97,
Origenics,Dungeon (DT),99,650,Heritage Found,Light Party,Normal,,93,
Alexandria,Dungeon (DT),100,670,Living Memory,Light Party,Normal,,95,
Tender Valley,Dungeon (DT),100,670,Shaaloani,Light Party,Normal,,98,
The Strayborough Deadwalk,Dungeon (DT),100,670,Living Memory,Light Party,Normal,,99,
Yuweyawata Field Station,Dungeon (DT),100,690,Heritage Found,Light Party,Normal,,100,
The Underkeep,Dungeon (DT),100,705,Solution Nine,Light Party,Normal,,101,
The Meso Terminal,Dungeon (DT),100,720,Living Memory,Light Party,Normal,,102,
Mistwake,Dungeon (DT),100,735,Mist Continent,Light Party,Normal,,103,
The Merchant's Tale,Variant Dungeon (DT),90,0,Old Sharlayan,Solo,Normal,,36004,
The Clyteum,Dungeon (DT),100,750,Garlemald,Light Party,Normal,,104,
,,,,,,,,,
Worqor Lar Dor,Trial (DT),93,0,Urqopacha,Full Party,Normal,,20093,
Everkeep,Trial (DT),99,0,Heritage Found,Full Party,Normal,,20096,
The Interphos,Trial (DT),100,670,Living Memory,Full Party,Normal,,20095,
Recollection,Trial (DT),100,715,Solution Nine,Full Party,Normal,,20100,
The Ageless Necropolis,Trial (DT),100,725,Living Memory,Full Party,Normal,,20104,
The Windward Wilds,Trial (DT),100,725,Shaaloani,Full Party,Normal,,20102,
Hell on Rails,Trial (DT),100,745,Mist Continent,Full Party,Normal,,20106,
Worqor Lar Dor (Extreme),Trial (DT),100,690,Urqopacha,Full Party,Endgame,,20094,
Everkeep (Extreme),Trial (DT),100,690,Heritage Found,Full Party,Endgame,,20097,
The Minstrel's Ballad: Sphene's Burden,Trial (DT),100,710,Living Memory,Full Party,Endgame,,20099,
Recollection (Extreme),Trial (DT),100,730,Solution Nine,Full Party,Endgame,,20101,
The Minstrel's Ballad: Necron's Embrace,Trial (DT),100,740,Living Memory,Full Party,Endgame,,20105,
The Windward Wilds (Extreme),Trial (DT),100,740,Shaaloani,Full Party,Endgame,,20103,
Hell on Rails (Extreme),Trial (DT),100,760,Mist Continent,Full Party,Endgame,,20107,
The Unmaking,Trial (DT),100,755,Mare Lamentorum,Full Party,Normal,,20108,
The Unmaking (Extreme),Trial (DT),100,770,Mare Lamentorum,Full Party,Endgame,,20109,
,,,,,,,,,
AAC Light-heavyweight M1,Normal Raid (DT),100,685,The Arcadion,Full Party,Normal,,30135,
AAC Light-heavyweight M2,Normal Raid (DT),100,685,The Arcadion,Full Party,Normal,,30137,
AAC Light-heavyweight M3,Normal Raid (DT),100,685,The Arcadion,Full Party,Normal,,30139,
AAC Light-heavyweight M4,Normal Raid (DT),100,685,The Arcadion,Full Party,Normal,,30141,
AAC Cruiserweight M1,Normal Raid (DT),100,715,The Arcadion,Full Party,Normal,,30145,
AAC Cruiserweight M2,Normal Raid (DT),100,715,The Arcadion,Full Party,Normal,,30147,
AAC Cruiserweight M3,Normal Raid (DT),100,715,The Arcadion,Full Party,Normal,,30149,
AAC Cruiserweight M4,Normal Raid (DT),100,715,The Arcadion,Full Party,Normal,,30151,
AAC Heavyweight M1,Normal Raid (DT),100,745,The Arcadion,Full Party,Normal,,30154,
AAC Heavyweight M2,Normal Raid (DT),100,745,The Arcadion,Full Party,Normal,,30156,
AAC Heavyweight M3,Normal Raid (DT),100,745,The Arcadion,Full Party,Normal,,30158,
AAC Heavyweight M4,Normal Raid (DT),100,745,The Arcadion,Full Party,Normal,,30160,
,,,,,,,,,
AAC Light-heavyweight M1 (Savage),Savage Raid (DT),100,700,The Arcadion,Full Party,Endgame,,30136,
AAC Light-heavyweight M2 (Savage),Savage Raid (DT),100,705,The Arcadion,Full Party,Endgame,,30138,
AAC Light-heavyweight M3 (Savage),Savage Raid (DT),100,710,The Arcadion,Full Party,Endgame,,30140,
AAC Light-heavyweight M4 (Savage),Savage Raid (DT),100,710,The Arcadion,Full Party,Endgame,,30142,
AAC Cruiserweight M1 (Savage),Savage Raid (DT),100,730,The Arcadion,Full Party,Endgame,,30146,
AAC Cruiserweight M2 (Savage),Savage Raid (DT),100,735,The Arcadion,Full Party,Endgame,,30148,
AAC Cruiserweight M3 (Savage),Savage Raid (DT),100,740,The Arcadion,Full Party,Endgame,,30150,
AAC Cruiserweight M4 (Savage),Savage Raid (DT),100,740,The Arcadion,Full Party,Endgame,,30152,
AAC Heavyweight M1 (Savage),Savage Raid (DT),100,760,The Arcadion,Full Party,Endgame,,30155,
AAC Heavyweight M2 (Savage),Savage Raid (DT),100,765,The Arcadion,Full Party,Endgame,,30157,
AAC Heavyweight M3 (Savage),Savage Raid (DT),100,770,The Arcadion,Full Party,Endgame,,30159,
AAC Heavyweight M4 (Savage),Savage Raid (DT),100,770,The Arcadion,Full Party,Endgame,,30161,
,,,,,,,,,
Jeuno: The First Walk,Alliance Raid (DT),100,695,Lower Jeuno,Alliance,Normal,,30144,
San d'Oria: The Second Walk,Alliance Raid (DT),100,725,Lower Jeuno,Alliance,Normal,,30153,
Windurst: The Third Walk,Alliance Raid (DT),100,755,Lower Jeuno,Alliance,Normal,,30163,
,,,,,,,,,
Scourge of the Mind,Field Operation (DT),100,,The Occult Crescent: South Horn,Full Party,Normal,,0,33
The Black Regiment,Field Operation (DT),100,,The Occult Crescent: South Horn,Full Party,Normal,,0,34
The Unbridled,Field Operation (DT),100,,The Occult Crescent: South Horn,Full Party,Normal,,0,35
Crawling Death,Field Operation (DT),100,,The Occult Crescent: South Horn,Full Party,Normal,,0,36
Calamity Bound,Field Operation (DT),100,,The Occult Crescent: South Horn,Full Party,Normal,,0,37
Trial by Claw,Field Operation (DT),100,,The Occult Crescent: South Horn,Full Party,Normal,,0,38
From Times Bygone,Field Operation (DT),100,,The Occult Crescent: South Horn,Full Party,Normal,,0,39
Company of Stone,Field Operation (DT),100,,The Occult Crescent: South Horn,Full Party,Normal,,0,40
Shark Attack,Field Operation (DT),100,,The Occult Crescent: South Horn,Full Party,Normal,,0,41
On the Hunt,Field Operation (DT),100,,The Occult Crescent: South Horn,Full Party,Normal,,0,42
With Extreme Prejudice,Field Operation (DT),100,,The Occult Crescent: South Horn,Full Party,Normal,,0,43
Noise Complaint,Field Operation (DT),100,,The Occult Crescent: South Horn,Full Party,Normal,,0,44
Cursed Concern,Field Operation (DT),100,,The Occult Crescent: South Horn,Full Party,Normal,,0,45
Eternal Watch,Field Operation (DT),100,,The Occult Crescent: South Horn,Full Party,Normal,,0,46
Flame of Dusk,Field Operation (DT),100,,The Occult Crescent: South Horn,Full Party,Normal,,0,47
The Forked Tower: Blood,Field Operation (DT),100,,The Occult Crescent: South Horn,Alliance,Disabled,,0,48
,,,,,,,,,
Many Mouths to Feed,Field Operation (DT),100,,The Occult Crescent: North Horn,Alliance,Normal,,0,49
Doubled Trouble,Field Operation (DT),100,,The Occult Crescent: North Horn,Alliance,Normal,,0,50
Quarried Away,Field Operation (DT),100,,The Occult Crescent: North Horn,Alliance,Normal,,0,51
Forbidden Folios,Field Operation (DT),100,,The Occult Crescent: North Horn,Alliance,Normal,,0,52
Cursed Resurgence,Field Operation (DT),100,,The Occult Crescent: North Horn,Alliance,Normal,,0,53
Imbalanced Diet,Field Operation (DT),100,,The Occult Crescent: North Horn,Alliance,Normal,,0,54
Web of Terror,Field Operation (DT),100,,The Occult Crescent: North Horn,Alliance,Normal,,0,55
A Beast Unleashed,Field Operation (DT),100,,The Occult Crescent: North Horn,Alliance,Normal,,0,56
Dark Artistry,Field Operation (DT),100,,The Occult Crescent: North Horn,Alliance,Normal,,0,57
Familiar Tactics,Field Operation (DT),100,,The Occult Crescent: North Horn,Alliance,Normal,,0,58
Appalling Behavior,Field Operation (DT),100,,The Occult Crescent: North Horn,Alliance,Normal,,0,59
Tiny Terror,Field Operation (DT),100,,The Occult Crescent: North Horn,Alliance,Normal,,0,60
Lost on the Wind,Field Operation (DT),100,,The Occult Crescent: North Horn,Alliance,Normal,,0,61
Ahead of the Competition,Field Operation (DT),100,,The Occult Crescent: North Horn,Alliance,Normal,,0,62
Accept No Imitators,Field Operation (DT),100,,The Occult Crescent: North Horn,Alliance,Normal,,0,63
The Forked Tower: Magic,Field Operation (DT),100,,The Occult Crescent: North Horn,Alliance,Normal,,0,64
The Forked Tower: Magic (Extreme),Field Operation (DT),100,,The Occult Crescent: North Horn,Alliance,Disabled,,0,65
,,,,,,,,,
Hidden Gorge,PvP,30,30,Wolves' Den Pier,Alliance,Disabled,,42002,
The Borderland Ruins (Secure),PvP,30,30,Wolves' Den Pier,Alliance,Normal,,41001,
Seal Rock (Seize),PvP,30,30,Wolves' Den Pier,Alliance,Normal,,41004,
The Fields of Glory (Shatter),PvP,30,30,Wolves' Den Pier,Alliance,Normal,,41005,
Onsal Hakair (Danshig Naadam),PvP,30,30,Wolves' Den Pier,Alliance,Normal,,41006,
Worqor Chirteh (Triumph),PvP,30,30,Wolves' Den Pier,Alliance,Normal,,41007,
,,,,,,,,,
The Unending Coil of Bahamut (Ultimate),Ultimate (StB),70,0,Kugane,Full Party,Disabled,,30057,
The Weapon's Refrain (Ultimate),Ultimate (StB),70,0,Kugane,Full Party,Disabled,,30067,
The Epic of Alexander (Ultimate),Ultimate (ShB),80,0,Kugane,Full Party,Disabled,,30086,
Dragonsong's Reprise (Ultimate),Ultimate (EW),90,0,Old Sharlayan,Full Party,Disabled,,30106,
The Omega Protocol (Ultimate),Ultimate (EW),90,0,Old Sharlayan,Full Party,Disabled,,30124,
Futures Rewritten (Ultimate),Ultimate (DT),100,0,Tuliyollal,Full Party,Disabled,,30143,
Dancing Mad (Ultimate),Ultimate (DT),100,0,Tuliyollal,Full Party,Disabled,,30162,
,,,,,,,,,
The Palace of the Dead (Floors 1-10),Deep Dungeon (HW),1,0,The Palace of the Dead,Solo,Normal,,60001,
The Palace of the Dead (Floors 11-20),Deep Dungeon (HW),1,0,The Palace of the Dead,Solo,Normal,,60002,
The Palace of the Dead (Floors 21-30),Deep Dungeon (HW),1,0,The Palace of the Dead,Solo,Normal,,60003,
The Palace of the Dead (Floors 31-40),Deep Dungeon (HW),1,0,The Palace of the Dead,Solo,Normal,,60004,
The Palace of the Dead (Floors 41-50),Deep Dungeon (HW),1,0,The Palace of the Dead,Solo,Normal,,60005,
The Palace of the Dead (Floors 51-60),Deep Dungeon (HW),1,0,The Palace of the Dead,Solo,Normal,,60006,
The Palace of the Dead (Floors 61-70),Deep Dungeon (HW),1,0,The Palace of the Dead,Solo,Normal,,60007,
The Palace of the Dead (Floors 71-80),Deep Dungeon (HW),1,0,The Palace of the Dead,Solo,Normal,,60008,
The Palace of the Dead (Floors 81-90),Deep Dungeon (HW),1,0,The Palace of the Dead,Solo,Normal,,60009,
The Palace of the Dead (Floors 91-100),Deep Dungeon (HW),1,0,The Palace of the Dead,Solo,Normal,,60010,
The Palace of the Dead (Floors 101-110),Deep Dungeon (HW),1,0,The Palace of the Dead,Solo,Normal,,60011,
The Palace of the Dead (Floors 111-120),Deep Dungeon (HW),1,0,The Palace of the Dead,Solo,Normal,,60012,
The Palace of the Dead (Floors 121-130),Deep Dungeon (HW),1,0,The Palace of the Dead,Solo,Normal,,60013,
The Palace of the Dead (Floors 131-140),Deep Dungeon (HW),1,0,The Palace of the Dead,Solo,Normal,,60014,
The Palace of the Dead (Floors 141-150),Deep Dungeon (HW),1,0,The Palace of the Dead,Solo,Normal,,60015,
The Palace of the Dead (Floors 151-160),Deep Dungeon (HW),1,0,The Palace of the Dead,Solo,Normal,,60016,
The Palace of the Dead (Floors 161-170),Deep Dungeon (HW),1,0,The Palace of the Dead,Solo,Normal,,60017,
The Palace of the Dead (Floors 171-180),Deep Dungeon (HW),1,0,The Palace of the Dead,Solo,Normal,,60018,
The Palace of the Dead (Floors 181-190),Deep Dungeon (HW),1,0,The Palace of the Dead,Solo,Normal,,60019,
The Palace of the Dead (Floors 191-200),Deep Dungeon (HW),1,0,The Palace of the Dead,Solo,Normal,,60020,
,,,,,,,,,
Heaven-on-High  (Floors 1-10),Deep Dungeon (StB),61,0,Heaven-on-High,Solo,Normal,,60021,
Heaven-on-High  (Floors 11-20),Deep Dungeon (StB),61,0,Heaven-on-High,Solo,Normal,,60022,
Heaven-on-High  (Floors 21-30),Deep Dungeon (StB),61,0,Heaven-on-High,Solo,Normal,,60023,
Heaven-on-High  (Floors 31-40),Deep Dungeon (StB),61,0,Heaven-on-High,Solo,Normal,,60024,
Heaven-on-High  (Floors 41-50),Deep Dungeon (StB),61,0,Heaven-on-High,Solo,Normal,,60025,
Heaven-on-High  (Floors 51-60),Deep Dungeon (StB),61,0,Heaven-on-High,Solo,Normal,,60026,
Heaven-on-High  (Floors 61-70),Deep Dungeon (StB),61,0,Heaven-on-High,Solo,Normal,,60027,
Heaven-on-High  (Floors 71-80),Deep Dungeon (StB),61,0,Heaven-on-High,Solo,Normal,,60028,
Heaven-on-High  (Floors 81-90),Deep Dungeon (StB),61,0,Heaven-on-High,Solo,Normal,,60029,
Heaven-on-High  (Floors 91-100),Deep Dungeon (StB),61,0,Heaven-on-High,Solo,Normal,,60030,
,,,,,,,,,
Eureka Orthos (Floors 1-10),Deep Dungeon (EW),81,0,Eureka Orthos,Solo,Normal,,60031,
Eureka Orthos (Floors 11-20),Deep Dungeon (EW),81,0,Eureka Orthos,Solo,Normal,,60032,
Eureka Orthos (Floors 21-30),Deep Dungeon (EW),81,0,Eureka Orthos,Solo,Normal,,60033,
Eureka Orthos (Floors 31-40),Deep Dungeon (EW),81,0,Eureka Orthos,Solo,Normal,,60034,
Eureka Orthos (Floors 41-50),Deep Dungeon (EW),81,0,Eureka Orthos,Solo,Normal,,60035,
Eureka Orthos (Floors 51-60),Deep Dungeon (EW),81,0,Eureka Orthos,Solo,Normal,,60036,
Eureka Orthos (Floors 61-70),Deep Dungeon (EW),81,0,Eureka Orthos,Solo,Normal,,60037,
Eureka Orthos (Floors 71-80),Deep Dungeon (EW),81,0,Eureka Orthos,Solo,Normal,,60038,
Eureka Orthos (Floors 81-90),Deep Dungeon (EW),81,0,Eureka Orthos,Solo,Normal,,60039,
Eureka Orthos (Floors 91-100),Deep Dungeon (EW),81,0,Eureka Orthos,Solo,Normal,,60040,
,,,,,,,,,
Pilgrim's Traverse (Stones 1-10),Deep Dungeon (DT),91,0,Pilgrim's Traverse,Solo,Normal,,60041,
Pilgrim's Traverse (Stones 11-20),Deep Dungeon (DT),91,0,Pilgrim's Traverse,Solo,Normal,,60042,
Pilgrim's Traverse (Stones 21-30),Deep Dungeon (DT),91,0,Pilgrim's Traverse,Solo,Normal,,60043,
Pilgrim's Traverse (Stones 31-40),Deep Dungeon (DT),91,0,Pilgrim's Traverse,Solo,Normal,,60044,
Pilgrim's Traverse (Stones 41-50),Deep Dungeon (DT),91,0,Pilgrim's Traverse,Solo,Normal,,60045,
Pilgrim's Traverse (Stones 51-60),Deep Dungeon (DT),91,0,Pilgrim's Traverse,Solo,Normal,,60046,
Pilgrim's Traverse (Stones 61-70),Deep Dungeon (DT),91,0,Pilgrim's Traverse,Solo,Normal,,60047,
Pilgrim's Traverse (Stones 71-80),Deep Dungeon (DT),91,0,Pilgrim's Traverse,Solo,Normal,,60048,
Pilgrim's Traverse (Stones 81-90),Deep Dungeon (DT),91,0,Pilgrim's Traverse,Solo,Normal,,60049,
Pilgrim's Traverse (Stones 91-100),Deep Dungeon (DT),91,0,Pilgrim's Traverse,Solo,Normal,,60050,
,,,,,,,,,
The Final Verse,Quantum Trial (DT),91,0,Pilgrim's Traverse,Solo,Disabled,,60052,
The Final Verse (Quantum),Quantum Trial (DT),91,0,Pilgrim's Traverse,Light Party,Disabled,,60051,
,,,,,,,,,
Another Sil'dihn Subterrane,Criterion Dungeon (EW),90,610,Central Thanalan,Light Party,Disabled,,37001,
Another Mount Rokkon,Criterion Dungeon (EW),90,640,Kugane,Light Party,Disabled,,37003,
Another Aloalo Island,Criterion Dungeon (EW),90,640,Thavnair,Light Party,Disabled,,37005,
Another Sil'dihn Subterrane (Savage),Criterion Dungeon (EW),90,0,Central Thanalan,Light Party,Disabled,,37002,
Another Mount Rokkon (Savage),Criterion Dungeon (EW),90,0,Kugane,Light Party,Disabled,,37004,
Another Aloalo Island (Savage),Criterion Dungeon (EW),90,0,Thavnair,Light Party,Disabled,,37006,
The Merchant's Tale (Advanced),Criterion Dungeon (DT),100,760,Old Sharlayan,Light Party,Disabled,,38001,
Another Merchant's Tale,Criterion Dungeon (DT),100,770,Old Sharlayan,Light Party,Disabled,,37007,
,,,,,,,,,
The Cloud of Darkness (Chaotic),Chaotic Raid (DT),100,710,Tuliyollal,Alliance,Disabled,,20098,
